<?xml version="1.0" encoding="UTF-8"?>
<beans xmlns="http://www.springframework.org/schema/beans"
	xmlns:xsi="http://www.w3.org/2001/XMLSchema-instance"
	xmlns:jdbc="http://www.springframework.org/schema/jdbc"
	xmlns:c="http://www.springframework.org/schema/c"
	xmlns:p="http://www.springframework.org/schema/p"
	xmlns:context="http://www.springframework.org/schema/context"
	xmlns:tx="http://www.springframework.org/schema/tx"
	xsi:schemaLocation="http://www.springframework.org/schema/jdbc http://www.springframework.org/schema/jdbc/spring-jdbc-3.2.xsd
		http://www.springframework.org/schema/beans http://www.springframework.org/schema/beans/spring-beans.xsd
		http://www.springframework.org/schema/tx http://www.springframework.org/schema/tx/spring-tx-3.2.xsd
		http://www.springframework.org/schema/context http://www.springframework.org/schema/context/spring-context-3.2.xsd">
	<context:annotation-config /> 
	
	<tx:annotation-driven transaction-manager="transactionManager" />
	
	<bean id="jdbcTemplate" class="org.springframework.jdbc.core.JdbcTemplate" >
		<property name="dataSource" ref="dataSource" />
	</bean>
	
	<bean id="transactionManager" 
		class="org.springframework.jdbc.datasource.DataSourceTransactionManager">
		<property name="dataSource" ref="dataSource" />
	</bean>
	
	<bean class="com.way2learnonline.service.AuditService"/>
	
	<bean class="com.way2learnonline.service.AccountServiceImpl"/>
	
	<bean id="accountRepository" class="com.way2learnonline.repository.JdbcAccountRepositoryImpl" />
		
	<bean id="transactionRepository" class="com.way2learnonline.repository.JdbcTransactionRepositoryImpl" />
		
	<bean id="rewardRepository" class="com.way2learnonline.repository.JdbcRewardRepositoryImpl" />
	
	
	<bean id="emailService" class="com.way2learnonline.service.EmailServiceImpl" />
	
	<bean id="bankService" class="com.way2learnonline.service.BankServiceImpl" />
		
	
	

</beans>
